patientNHI,PatientName,PatientSurnameame,Gender,DOB,Referred By
QDX4955,Spense,Pringuer,Male,1972-02-14,100
ECP7715,Shirline,Van der Kruys,Female,1992-12-27,101
ZIK8925,Chev,Eckels,Male,1951-04-19,102
LTS6784,Rik,Futty,Male,1962-04-29,102
HGM6173,Emalia,Killen,Female,1989-10-21,100
CEV6132,Rudiger,Endean,Male,1965-02-13,103
PGJ7161,Beverie,Robez,Female,1968-02-03,104
NKX8076,Donall,Ricciardo,Male,1948-10-21,101
MXC8908,Timotheus,Laven,Male,1975-07-30,105
NTQ8299,Aluino,Spelling,Male,2008-07-16,101
QNE4372,Elvera,Peasby,Female,2005-10-21,106
GIR5104,Vitia,Goodlake,Female,1957-06-13,101
DVX6602,Brig,Ovendale,Male,2013-04-28,104
JIB5920,Syman,Badcock,Male,1976-04-07,107
YCX9278,Eugenie,Hugueville,Female,2014-05-26,104
LMV5416,Scottie,Emms,Male,1961-02-15,101
YBB1095,Carlye,Greenhead,Female,2016-01-06,104
TBC7855,Vina,Dimond,Female,1967-06-04,108
SXL9274,Samson,Durbann,Male,1967-04-11,109
AUX6004,Rosalie,Couroy,Female,1977-10-05,103
SEO7156,Harmony,Goodings,Other,2003-12-11,104
XUA5670,Niki,Cousins,Male,1984-08-22,106
GMC9989,Hank,Solan,Male,2006-09-13,108
SHN9256,Kendra,Slayton,Female,1952-02-20,100
XSI7349,Gloriana,Brevetor,Female,2010-12-04,108
NHK9888,Sheri,Corhard,Female,2012-12-23,105
NCR0550,Zacharia,Collishaw,Male,2010-05-07,100
CNF6489,Hanan,Ryde,Male,1952-02-12,108
MSC5721,Marni,Kalisz,Female,1963-02-09,107
VWH6907,Leona,Murtell,Female,1965-07-12,108
GOZ3094,Andre,Wallen,Male,1987-06-01,100
CMZ6415,Roddy,Bonney,Male,2008-06-15,106
TNH6480,Eyde,Flucker,Female,2009-09-15,105
QIJ3412,Catlee,Mackley,Female,1972-09-27,108
BAK4481,Wandis,Clipson,Female,2027-12-10,104
CBD3031,Fremont,Reddan,Male,1957-11-22,101
BBB5629,Ewell,Longmire,Male,1949-08-30,104
ODR2838,Andra,Francescuccio,Female,1951-04-04,103
KDD9523,Menard,Prettjohn,Male,1965-04-17,105
ASD4088,Schuyler,Willimot,Male,1956-12-05,104
GIQ8970,Whitney,Lakeland,Male,1986-11-10,102
GEK5713,Lucias,Karlsson,Male,2007-10-29,100
TGS0798,Simona,Gerrets,Female,1989-04-29,103
CYC0720,Nahum,Drewet,Male,1962-10-05,106
SMH8891,Myrilla,Jeandon,Female,1968-02-08,106
FBG1062,Nancee,Circuitt,Female,1961-05-09,107
XKX1957,Malory,Houndesome,Female,2004-11-28,100
AFH7245,Gar,Strawbridge,Male,1982-04-14,104
TXP4069,Sheffield,Hares,Male,2005-05-23,106
MRL3058,Otho,Duinkerk,Male,1976-06-01,108
FVL8648,Ruby,Manklow,Male,1976-10-04,103
ETV6899,Abba,Rusk,Male,1961-08-17,106
VFY9388,Cristobal,Guyers,Male,1986-04-23,105
JBK3991,Marcelia,Jeffcoate,Female,1985-12-17,104
ZYF6173,Almeria,Crasford,Female,1982-01-11,104
VSV3481,Beret,Coenraets,Female,1957-02-10,105
MHR6896,Roderigo,Beekmann,Male,1977-06-29,105
YDV0095,Elicia,McCay,Female,1948-05-30,102
BDF4913,Ingeberg,Perring,Female,1952-06-11,106
IWU6403,Smith,McGettigan,Male,2004-05-19,109
BVF7686,Flin,Gleasane,Male,2008-09-26,103
RIQ9260,Darlene,Bangham,Female,1990-11-14,108
MMH2864,Job,Cawood,Male,1962-04-03,105
RWT4192,Baudoin,Burr,Male,1981-02-16,102
CYZ8554,Casper,Ashworth,Male,1966-12-10,107
YBS8538,Gordy,Bellay,Male,1970-07-24,106
VZQ5362,Claudelle,Dignan,Female,1980-07-12,106
CST7448,Ines,Mitroshinov,Female,1976-05-22,108
NWM8466,Joshuah,Perrigo,Male,2010-12-26,108
LQI3268,Drusy,Skews,Female,1973-10-15,109
LFV3925,Efrem,Kippax,Male,1973-05-05,106
WHU5837,Barney,Massenhove,Male,1987-07-26,105
ABR7945,Chas,McGrah,Male,1986-09-03,108
PLL2090,Morganne,Baynom,Female,1950-07-26,102
TWT8902,Bonny,Tremmil,Female,1974-01-08,109
WHL2345,Ardelia,Parmiter,Female,1970-05-15,108
WSU4675,Cirillo,Tuckwell,Male,1969-12-24,104
OBR6693,Emyle,Sokale,Female,1979-08-24,107
DPB3234,Daryl,Eastham,Male,1978-01-26,106
YSN6005,Clovis,Espadate,Female,1987-01-07,101
FDM8849,Rebekkah,Venes,Female,2011-07-30,104
FQI2958,Wilone,Tofanelli,Female,2006-05-24,108
AFC3291,Hetti,Joskowitz,Female,1989-05-14,106
OJC2233,Blinnie,Olivari,Female,1969-10-05,101
NPF7673,Rufe,Cardenoza,Other,2004-10-17,109
ISJ1177,Rad,MacKaig,Male,1948-07-24,106
GDR6737,Starlene,Letertre,Female,2005-07-18,100
STU8856,Aurelea,Cradoc,Female,1963-07-17,105
CLZ1078,Arabelle,Bourbon,Female,1969-06-28,108
PZD7227,Shellysheldon,Digges,Male,1975-10-08,109
CCB6831,Gilbert,Pattillo,Male,1981-08-05,102
IXF4149,Adena,Elliott,Female,1952-08-17,105
NIV5772,Horatia,Panton,Female,1992-04-17,100
